MESSAGE_ID,BOARD_ID
850937069471006780,850937833409740810
850900421072650251,850949723561000970
850948076049924117,850950030042202132
850918410527571978,850950581978660866
850950395714600960,850950988122554418
850951281225105409,850951305879093248
850951305879093248,850951405065207849
850950988122554418,850951495250608168
847735612533899304,850951621516066856
847735272678359096,850951648570638409
847586232099274812,850951677183787009
850949910635216906,850951767671046206
850951981664174112,850952052850819102
